,OR,CI_low,CI_high,p
daily_social_media_time,1.00376,0.990894,1.016793,0.568544
sleep_hours,1.000414,0.982313,1.018848,0.964604
screen_time_before_sleep,0.988967,0.949386,1.030198,0.594462
number_of_notifications,0.997139,0.99372,1.00057,0.102138
work_hours_per_day,1.005753,0.992391,1.019294,0.400551
breaks_during_work,1.004247,0.995846,1.012719,0.322786
coffee_consumption_per_day,1.001115,0.982387,1.0202,0.907945
weekly_offline_hours,0.999727,0.996065,1.003403,0.884043
uses_focus_apps,1.033329,0.974878,1.095285,0.269788
has_digital_wellbeing_enabled,0.937854,0.881459,0.997857,0.042584
