variable,all_mean,all_sd,higher_mean,higher_sd,lower_mean,lower_sd,smd
daily_social_media_time,3.115653,2.074569,3.111367,2.058317,3.119974,2.090899,-0.004148
sleep_hours,6.498989,1.465516,6.4984,1.47297,6.49958,1.458039,-0.000805
screen_time_before_sleep,1.025555,0.653717,1.024042,0.654767,1.027081,0.652678,-0.004649
number_of_notifications,59.98078,7.747583,59.93694,7.754274,60.024733,7.740896,-0.011332
work_hours_per_day,6.98906,2.000518,6.998574,2.00936,6.979522,1.991639,0.009524
breaks_during_work,4.998683,3.173496,5.005332,3.172341,4.992017,3.174753,0.004196
coffee_consumption_per_day,2.001851,1.409851,2.004408,1.414056,1.999287,1.405669,0.003632
weekly_offline_hours,10.383809,7.286008,10.365498,7.307441,10.402167,7.26467,-0.005033
uses_focus_apps,0.299473,0.458035,0.302147,0.459205,0.296793,0.456861,0.01169
has_digital_wellbeing_enabled,0.246512,0.430988,0.241789,0.428182,0.251247,0.433746,-0.021947
stress_level,5.514059,2.866344,8.003341,1.419654,3.018389,1.411117,3.521959
